{"release": 0.30857895090612886, "variable": "a", "accuracy": 29.957322735539908, "epsilon": 0.2, "interval": [-28.957322735539908, 30.957322735539908]}